{"name":"9b57feeb-b0a3-432e-a034-631d4d0f23eb","id":"/providers/Microsoft.Flow/flows/9b57feeb-b0a3-432e-a034-631d4d0f23eb","type":"Microsoft.Flow/flows","properties":{"apiId":"/providers/Microsoft.PowerApps/apis/shared_logicflows","displayName":"Create Task in Planner with details when new SharePoint Item is created","definition":{"metadata":{"workflowEntityId":null,"creator":{"id":"cf9de1ad-6939-4a67-9927-28479cbd655e","type":"User","tenantId":"4576f6bc-a361-4e35-af20-492c358c05c3"},"provisioningMethod":"FromDefinition","failureAlertSubscription":true,"clientLastModifiedTime":"2019-03-29T20:02:35.9171811Z"},"$schema":"https://schema.management.azure.com/providers/Microsoft.Logic/schemas/2016-06-01/workflowdefinition.json#","contentVersion":"1.0.0.0","parameters":{"$connections":{"defaultValue":{},"type":"Object"},"$authentication":{"defaultValue":{},"type":"SecureObject"}},"triggers":{"When_a_new_item_is_created":{"recurrence":{"interval":5,"frequency":"Minute"},"splitOn":"@triggerBody()?['value']","metadata":{"flowSystemMetadata":{"swaggerOperationId":"GetOnNewItems"}},"type":"ApiConnection","inputs":{"host":{"connection":{"name":"@parameters('$connections')['shared_sharepointonline']['connectionId']"},"api":{"runtimeUrl":"https://flow-apim-msmanaged-na-northcentralus-01.azure-apim.net/apim/sharepointonline"}},"method":"get","path":"/datasets/@{encodeURIComponent(encodeURIComponent('https://m365x852512.sharepoint.com/sites/ITManagement'))}/tables/@{encodeURIComponent(encodeURIComponent('9c2fe93b-5974-4d2f-882a-0a3269d48f35'))}/onnewitems","authentication":"@parameters('$authentication')"},"description":"Initializes when any new item is added to the list."}},"actions":{"Get_item_from_assignment_list":{"runAfter":{"Get_attachments":["Succeeded"]},"metadata":{"flowSystemMetadata":{"swaggerOperationId":"GetItem"}},"type":"ApiConnection","inputs":{"host":{"connection":{"name":"@parameters('$connections')['shared_sharepointonline']['connectionId']"},"api":{"runtimeUrl":"https://flow-apim-msmanaged-na-northcentralus-01.azure-apim.net/apim/sharepointonline"}},"method":"get","path":"/datasets/@{encodeURIComponent(encodeURIComponent('https://m365x852512.sharepoint.com/sites/ITManagement'))}/tables/@{encodeURIComponent(encodeURIComponent('8c22f666-b510-40a8-ae3d-abd56db5f5c1'))}/items/@{encodeURIComponent(triggerBody()?['Department']?['Id'])}","authentication":"@parameters('$authentication')"},"description":"This step looks to another list for task assignment. We use this rather than hard code the flow process by leveraging a lookup field"},"Create_a_task":{"runAfter":{"Apply_to_each_2":["Succeeded"]},"metadata":{"flowSystemMetadata":{"swaggerOperationId":"CreateTask_V2"}},"type":"ApiConnection","inputs":{"host":{"connection":{"name":"@parameters('$connections')['shared_planner']['connectionId']"},"api":{"runtimeUrl":"https://flow-apim-msmanaged-na-eastus2-01.azure-apim.net/apim/planner"}},"method":"post","body":{"planId":"9wEMbbvCrUKYvEoNsTcOdmUAEWov","title":"@{concat(triggerBody()?['ID'], '- ',triggerBody()?['Title'])}","bucketId":"@variables('BucketID')","dueDateTime":"@{addDays(triggerBody()?['Created'],int(body('Get_item_from_assignment_list')?['SLA_x0020__x0028_Days_x0029_']))}","assignments":"@body('Get_item_from_assignment_list')?['Responsible_x0020_Party']?['Email']"},"headers":{"prefer":" return=representation"},"path":"/v1.0/planner/tasks","authentication":"@parameters('$authentication')"},"description":"Here we create the task. Title is a concat of the SharePoint Item ID and the Title. This is important for selecting and updating the SharePoint list item when the task is updated. We also automatically set the assigned to based on the assign matrix."},"Delay":{"runAfter":{"Create_a_task":["Succeeded"]},"type":"Wait","inputs":{"interval":{"count":15,"unit":"Second"}},"description":"This is required to ensure we have a valid TaskID when we update the details."},"Get_attachments":{"runAfter":{"Initialize_variable":["Succeeded"]},"metadata":{"flowSystemMetadata":{"swaggerOperationId":"GetItemAttachments"}},"type":"ApiConnection","inputs":{"host":{"connection":{"name":"@parameters('$connections')['shared_sharepointonline']['connectionId']"},"api":{"runtimeUrl":"https://flow-apim-msmanaged-na-northcentralus-01.azure-apim.net/apim/sharepointonline"}},"method":"get","path":"/datasets/@{encodeURIComponent(encodeURIComponent('https://m365x852512.sharepoint.com/sites/ITManagement'))}/tables/@{encodeURIComponent(encodeURIComponent('9c2fe93b-5974-4d2f-882a-0a3269d48f35'))}/items/@{encodeURIComponent(encodeURIComponent(triggerBody()?['ID']))}/attachments","authentication":"@parameters('$authentication')"},"description":"Gets all attachments attached to the SharePoint item. This is used to create/link the assets on the task."},"Apply_to_each":{"foreach":"@body('Get_attachments')","actions":{"Update_task_details":{"runAfter":{},"metadata":{"flowSystemMetadata":{"swaggerOperationId":"UpdateTaskDetails_V2"}},"type":"ApiConnection","inputs":{"host":{"connection":{"name":"@parameters('$connections')['shared_planner']['connectionId']"},"api":{"runtimeUrl":"https://flow-apim-msmanaged-na-eastus2-01.azure-apim.net/apim/planner"}},"method":"patch","body":{"description":"@{triggerBody()?['Detailed_x0020_Description']}\nAdditional Metadata: @{triggerBody()?['Other_x0020_Metadata_x0020_Colum']}","references":[{"alias":"@items('Apply_to_each')?['DisplayName']","resourceLink":"@items('Apply_to_each')?['AbsoluteUri']","type":"Other"}]},"headers":{"prefer":" return=representation"},"path":"/v1.0/planner/tasks/@{encodeURIComponent(body('Create_a_task')?['id'])}/details","authentication":"@parameters('$authentication')"},"description":"The references look at the get attachments step"}},"runAfter":{"Delay":["Succeeded"]},"type":"Foreach","description":"This block will do a couple of things. One it adds in the description and any other metadata to the description field. We also add in each attachment. "},"List_buckets":{"runAfter":{"Get_item_from_assignment_list":["Succeeded"]},"metadata":{"flowSystemMetadata":{"swaggerOperationId":"ListBuckets_V2"}},"type":"ApiConnection","inputs":{"host":{"connection":{"name":"@parameters('$connections')['shared_planner']['connectionId']"},"api":{"runtimeUrl":"https://flow-apim-msmanaged-na-eastus2-01.azure-apim.net/apim/planner"}},"method":"get","path":"/v1.0/planner/plans/@{encodeURIComponent('9wEMbbvCrUKYvEoNsTcOdmUAEWov')}/buckets","authentication":"@parameters('$authentication')"},"description":"This step gets all the buckets for this particular plan. Make sure your buckets match the fields in the Assignment Matrix"},"Apply_to_each_2":{"foreach":"@body('List_buckets')?['value']","actions":{"Condition":{"actions":{"Set_variable":{"runAfter":{},"type":"SetVariable","inputs":{"name":"BucketID","value":"@items('Apply_to_each_2')?['id']"},"description":"We set the variable for the BucketID here for use in task creation"}},"runAfter":{},"expression":{"equals":["@items('Apply_to_each_2')?['name']","@triggerBody()?['Department']?['Value']"]},"type":"If","description":"Compare the Bucket Name value to the Lookup item value. This is why it is important the names match between the Assignment list and the buckets in the Plan"}},"runAfter":{"List_buckets":["Succeeded"]},"type":"Foreach","description":"This block checks through all of the buckets to get the bucketID where this task will be selected. "},"Initialize_variable":{"runAfter":{},"type":"InitializeVariable","inputs":{"variables":[{"name":"BucketID","type":"String"}]},"description":"This is used to set the Bucket for the task to be added to, this will be set automatically later"},"Update_task_details_2":{"runAfter":{"Apply_to_each":["Succeeded"]},"metadata":{"flowSystemMetadata":{"swaggerOperationId":"UpdateTaskDetails_V2"}},"type":"ApiConnection","inputs":{"host":{"connection":{"name":"@parameters('$connections')['shared_planner']['connectionId']"},"api":{"runtimeUrl":"https://flow-apim-msmanaged-na-eastus2-01.azure-apim.net/apim/planner"}},"method":"patch","body":{"references":[{"alias":"Link to complete work order","resourceLink":"@triggerBody()?['{Link}']","type":"Other"}]},"headers":{"prefer":" return=representation"},"path":"/v1.0/planner/tasks/@{encodeURIComponent(body('Create_a_task')?['id'])}/details","authentication":"@parameters('$authentication')"},"description":"This task simply adds a link back to the orginal SharePoint entry."},"Update_item":{"runAfter":{"Update_task_details_2":["Succeeded"]},"metadata":{"flowSystemMetadata":{"swaggerOperationId":"PatchItem"}},"type":"ApiConnection","inputs":{"host":{"connection":{"name":"@parameters('$connections')['shared_sharepointonline']['connectionId']"},"api":{"runtimeUrl":"https://flow-apim-msmanaged-na-northcentralus-01.azure-apim.net/apim/sharepointonline"}},"method":"patch","body":{"Title":"@triggerBody()?['Title']","Assigned_x0020_To":{"Claims":"@body('Get_item_from_assignment_list')?['Responsible_x0020_Party']?['Claims']"}},"path":"/datasets/@{encodeURIComponent(encodeURIComponent('https://m365x852512.sharepoint.com/sites/ITManagement'))}/tables/@{encodeURIComponent(encodeURIComponent('9c2fe93b-5974-4d2f-882a-0a3269d48f35'))}/items/@{encodeURIComponent(triggerBody()?['ID'])}","authentication":"@parameters('$authentication')"},"description":"This step updates the assigned to field"},"Condition_2":{"actions":{"Send_an_email_(V2)_2":{"runAfter":{},"metadata":{"flowSystemMetadata":{"swaggerOperationId":"SendEmailV2"}},"type":"ApiConnection","inputs":{"host":{"connection":{"name":"@parameters('$connections')['shared_office365']['connectionId']"},"api":{"runtimeUrl":"https://flow-apim-msmanaged-na-eastus2-01.azure-apim.net/apim/office365"}},"method":"post","body":{"To":"@{body('Update_item')?['Assigned_x0020_To']?['Email']};","Subject":"New work order needs to be assigned - @{body('Create_a_task')?['title']}","Body":"<p>Hi @{body('Update_item')?['Assigned_x0020_To']?['DisplayName']},<br>\n<br>\nThis task needs to be assigned to the appropriate resource. <br>\n<br>\n@{triggerBody()?['Detailed_x0020_Description']}<br>\n<br>\nDue Date: @{body('Create_a_task')?['dueDateTime']}<br>\nCreated By:<a href=\"mailto:@{triggerBody()?['Author']?['Email']}\">@{triggerBody()?['Author']?['DisplayName']}</a> <br>\n<br>\nThank you,<br>\n<br>\nManagement</p>"},"path":"/v2/Mail","authentication":"@parameters('$authentication')"}}},"runAfter":{"Update_item":["Succeeded"]},"else":{"actions":{"Send_an_email_(V2)":{"runAfter":{},"metadata":{"flowSystemMetadata":{"swaggerOperationId":"SendEmailV2"}},"type":"ApiConnection","inputs":{"host":{"connection":{"name":"@parameters('$connections')['shared_office365']['connectionId']"},"api":{"runtimeUrl":"https://flow-apim-msmanaged-na-eastus2-01.azure-apim.net/apim/office365"}},"method":"post","body":{"To":"@{body('Update_item')?['Assigned_x0020_To']?['Email']};","Subject":"New Work Order Created - @{body('Create_a_task')?['title']}","Body":"<p>A new work order has been created. Please visit the Work Order Planner to update.<br>\n<br>\n@{triggerBody()?['Detailed_x0020_Description']}<br>\n<br>\nDue Date: @{body('Create_a_task')?['dueDateTime']}<br>\nCreated By:<a href=\"mailto:@{triggerBody()?['Author']?['Email']}\">@{triggerBody()?['Author']?['DisplayName']}</a> <br>\n</p>\nThank you,<br>\n<br>\nManagement</p>"},"path":"/v2/Mail","authentication":"@parameters('$authentication')"}}}},"expression":{"equals":["@body('Update_item')?['Department']?['Value']","Other"]},"type":"If","description":"This step block determines if a different email needs to be sent to determine if someone needs to be assigned."}},"outputs":{},"description":"This flow creates a task in planner when a new item is created in SharePoint. It also updates the task with details and links to any SharePoint attachments as well as a link back to the original SharePoint  item. This does connect to two different SharePoint lists. One list would be an assignment or approval matrix."},"connectionReferences":{"shared_sharepointonline":{"connectionName":"726154006ea548a6ad0390a87902f205","source":"Embedded","id":"/providers/Microsoft.PowerApps/apis/shared_sharepointonline","tier":"NotSpecified"},"shared_planner":{"connectionName":"shared-planner-191e1861-17ab-47b3-b86a-0ed912938deb","source":"Embedded","id":"/providers/Microsoft.PowerApps/apis/shared_planner","tier":"NotSpecified"},"shared_office365":{"connectionName":"shared-office365-07b0ec06-3e2e-4873-b9a1-7191179a577b","source":"Embedded","id":"/providers/Microsoft.PowerApps/apis/shared_office365","tier":"NotSpecified"}},"flowFailureAlertSubscribed":false}}