{"name":"e00cca6a-9c64-4f8c-b7f3-72837935fd19","id":"/providers/Microsoft.Flow/flows/e00cca6a-9c64-4f8c-b7f3-72837935fd19","type":"Microsoft.Flow/flows","properties":{"apiId":"/providers/Microsoft.PowerApps/apis/shared_logicflows","displayName":"Create a bucket in planner when a new item is added to SharePoint","definition":{"metadata":{"workflowEntityId":null,"creator":{"id":"cf9de1ad-6939-4a67-9927-28479cbd655e","type":"User","tenantId":"4576f6bc-a361-4e35-af20-492c358c05c3"},"provisioningMethod":"FromDefinition","failureAlertSubscription":true,"clientLastModifiedTime":"2019-04-20T02:37:20.0965218Z"},"$schema":"https://schema.management.azure.com/providers/Microsoft.Logic/schemas/2016-06-01/workflowdefinition.json#","contentVersion":"1.0.0.0","parameters":{"$connections":{"defaultValue":{},"type":"Object"},"$authentication":{"defaultValue":{},"type":"SecureObject"}},"triggers":{"When_an_item_is_created":{"recurrence":{"interval":5,"frequency":"Minute"},"splitOn":"@triggerBody()?['value']","metadata":{"flowSystemMetadata":{"swaggerOperationId":"GetOnNewItems"}},"type":"ApiConnection","inputs":{"host":{"connection":{"name":"@parameters('$connections')['shared_sharepointonline']['connectionId']"},"api":{"runtimeUrl":"https://flow-apim-msmanaged-na-northcentralus-01.azure-apim.net/apim/sharepointonline"}},"method":"get","path":"/datasets/@{encodeURIComponent(encodeURIComponent('https://m365x852512.sharepoint.com/sites/ITManagement'))}/tables/@{encodeURIComponent(encodeURIComponent('8c22f666-b510-40a8-ae3d-abd56db5f5c1'))}/onnewitems","authentication":"@parameters('$authentication')"}}},"actions":{"Create_a_bucket":{"runAfter":{},"metadata":{"flowSystemMetadata":{"swaggerOperationId":"CreateBucket"}},"type":"ApiConnection","inputs":{"host":{"connection":{"name":"@parameters('$connections')['shared_planner']['connectionId']"},"api":{"runtimeUrl":"https://flow-apim-msmanaged-na-eastus2-01.azure-apim.net/apim/planner"}},"method":"post","body":{"name":"@triggerBody()?['Title']","planId":"9wEMbbvCrUKYvEoNsTcOdmUAEWov"},"path":"/v1.0/planner/buckets","authentication":"@parameters('$authentication')"}}},"outputs":{}},"connectionReferences":{"shared_planner":{"connectionName":"shared-planner-191e1861-17ab-47b3-b86a-0ed912938deb","source":"Embedded","id":"/providers/Microsoft.PowerApps/apis/shared_planner","tier":"NotSpecified"},"shared_sharepointonline":{"connectionName":"726154006ea548a6ad0390a87902f205","source":"Embedded","id":"/providers/Microsoft.PowerApps/apis/shared_sharepointonline","tier":"NotSpecified"}},"flowFailureAlertSubscribed":false}}