{"name":"eb6009a6-8e22-4f53-8e03-fcaded591993","id":"/providers/Microsoft.Flow/flows/eb6009a6-8e22-4f53-8e03-fcaded591993","type":"Microsoft.Flow/flows","properties":{"apiId":"/providers/Microsoft.PowerApps/apis/shared_logicflows","displayName":"When a Planner Task is completed update orginal SharePoint Request","definition":{"metadata":{"workflowEntityId":null,"creator":{"id":"cf9de1ad-6939-4a67-9927-28479cbd655e","type":"User","tenantId":"4576f6bc-a361-4e35-af20-492c358c05c3"},"provisioningMethod":"FromDefinition","failureAlertSubscription":true,"clientLastModifiedTime":"2019-04-20T03:08:33.5148496Z"},"$schema":"https://schema.management.azure.com/providers/Microsoft.Logic/schemas/2016-06-01/workflowdefinition.json#","contentVersion":"1.0.0.0","parameters":{"$connections":{"defaultValue":{},"type":"Object"},"$authentication":{"defaultValue":{},"type":"SecureObject"}},"triggers":{"When_a_task_is_completed":{"recurrence":{"interval":5,"frequency":"Minute"},"splitOn":"@triggerBody()?['value']","metadata":{"flowSystemMetadata":{"swaggerOperationId":"OnCompleteTask_V2"}},"type":"ApiConnection","inputs":{"host":{"connection":{"name":"@parameters('$connections')['shared_planner']['connectionId']"},"api":{"runtimeUrl":"https://flow-apim-msmanaged-na-eastus2-01.azure-apim.net/apim/planner"}},"method":"get","path":"/v1.0/planner/oncompletetask_trigger/plans/@{encodeURIComponent('9wEMbbvCrUKYvEoNsTcOdmUAEWov')}/tasks","authentication":"@parameters('$authentication')"}}},"actions":{"Update_item":{"runAfter":{"Get_item":["Succeeded"]},"metadata":{"flowSystemMetadata":{"swaggerOperationId":"PatchItem"}},"type":"ApiConnection","inputs":{"host":{"connection":{"name":"@parameters('$connections')['shared_sharepointonline']['connectionId']"},"api":{"runtimeUrl":"https://flow-apim-msmanaged-na-northcentralus-01.azure-apim.net/apim/sharepointonline"}},"method":"patch","body":{"Title":"@body('Get_item')['Title']","Status":{"Value":"Completed"}},"path":"/datasets/@{encodeURIComponent(encodeURIComponent('https://m365x852512.sharepoint.com/sites/ITManagement'))}/tables/@{encodeURIComponent(encodeURIComponent('9c2fe93b-5974-4d2f-882a-0a3269d48f35'))}/items/@{encodeURIComponent(body('Get_item')?['ID'])}","authentication":"@parameters('$authentication')"}},"Get_item":{"runAfter":{},"metadata":{"flowSystemMetadata":{"swaggerOperationId":"GetItem"}},"type":"ApiConnection","inputs":{"host":{"connection":{"name":"@parameters('$connections')['shared_sharepointonline']['connectionId']"},"api":{"runtimeUrl":"https://flow-apim-msmanaged-na-northcentralus-01.azure-apim.net/apim/sharepointonline"}},"method":"get","path":"/datasets/@{encodeURIComponent(encodeURIComponent('https://m365x852512.sharepoint.com/sites/ITManagement'))}/tables/@{encodeURIComponent(encodeURIComponent('9c2fe93b-5974-4d2f-882a-0a3269d48f35'))}/items/@{encodeURIComponent(substring(triggerBody()?['title'],0,indexOf(triggerBody()?['title'],'-')))}","authentication":"@parameters('$authentication')"}},"Send_an_email_(V2)":{"runAfter":{"Update_item":["Succeeded"]},"metadata":{"flowSystemMetadata":{"swaggerOperationId":"SendEmailV2"}},"type":"ApiConnection","inputs":{"host":{"connection":{"name":"@parameters('$connections')['shared_office365']['connectionId']"},"api":{"runtimeUrl":"https://flow-apim-msmanaged-na-eastus2-01.azure-apim.net/apim/office365"}},"method":"post","body":{"To":"@{body('Update_item')?['Author']?['Email']};","Subject":"Request Completed - @{body('Update_item')['Title']}","Body":"<p>Your work order request has been completed.<br>\n<br>\nThank you,<br>\n<br>\nManagement</p>"},"path":"/v2/Mail","authentication":"@parameters('$authentication')"}}},"outputs":{}},"connectionReferences":{"shared_sharepointonline":{"connectionName":"726154006ea548a6ad0390a87902f205","source":"Embedded","id":"/providers/Microsoft.PowerApps/apis/shared_sharepointonline","tier":"NotSpecified"},"shared_office365":{"connectionName":"shared-office365-07b0ec06-3e2e-4873-b9a1-7191179a577b","source":"Embedded","id":"/providers/Microsoft.PowerApps/apis/shared_office365","tier":"NotSpecified"},"shared_planner":{"connectionName":"shared-planner-191e1861-17ab-47b3-b86a-0ed912938deb","source":"Embedded","id":"/providers/Microsoft.PowerApps/apis/shared_planner","tier":"NotSpecified"}},"flowFailureAlertSubscribed":false}}